Promotion Seen,Timestamp
Feed Follow Option Coachmark,1591123191
Grade Adjusted Pace Activity Detail Upsell,1597767327
Grade Adjusted Pace Activity Detail Upsell,1609673514
Grade Adjusted Pace Activity Detail Upsell,1609803450
Grade Adjusted Pace Activity Detail Upsell,1610281493
Grade Adjusted Pace Activity Detail Upsell,1611410185
Grade Adjusted Pace Activity Detail Upsell,1612208101
Grade Adjusted Pace Activity Detail Feature Education,1591295392
Grade Adjusted Pace Activity Detail Feature Education,1591773600
Grade Adjusted Pace Activity Detail Feature Education,1591811286
translation missing: en-US.lib.export.portability_exporter.metering.label.GOALS_PROFILE_FEATURE_EDUCATION,1598991516
translation missing: en-US.lib.export.portability_exporter.metering.label.GOALS_PROFILE_FEATURE_EDUCATION,1599128684
translation missing: en-US.lib.export.portability_exporter.metering.label.GOALS_PROFILE_FEATURE_EDUCATION,1599500294
translation missing: en-US.lib.export.portability_exporter.metering.label.EVERGREEN_STATS_FEATURE_ED,1615922615
translation missing: en-US.lib.export.portability_exporter.metering.label.EVERGREEN_STATS_FEATURE_ED,1615989692
translation missing: en-US.lib.export.portability_exporter.metering.label.EVERGREEN_STATS_FEATURE_ED,1616022075
translation missing: en-US.lib.export.portability_exporter.metering.label.EVERGREEN_STATS_SHARE_FEATURE_ED,1616287427
